{
  "date": "2022-11-21",
  "success": true,
  "rates": {
    "FJD": 2.297772,
    "MXN": 20.026797,
    "STD": 21201.528485,
    "LVL": 0.619606,
    "SCR": 14.729767,
    "CDF": 2098.848782,
    "BBD": 2.069224,
    "GTQ": 7.993678,
    "CLP": 965.016816,
    "HNL": 25.325831,
    "UGX": 3840.029662,
    "ZAR": 17.750996,
    "TND": 3.241485,
    "SLE": 18.530134,
    "CUC": 1.024328,
    "BSD": 1.024849,
    "SLL": 18463.518692,
    "SDG": 583.358916,
    "IQD": 1495.708823,
    "CUP": 27.144701,
    "GMD": 63.068124,
    "TWD": 31.976973,
    "RSD": 117.311177,
    "DOP": 55.774393,
    "KMF": 492.343776,
    "MYR": 4.691523,
    "FKP": 0.861569,
    "XOF": 656.834425,
    "GEL": 2.76052,
    "BTC": 0.000065321554,
    "UYU": 41.131142,
    "MAD": 11.050161,
    "CVE": 110.755479,
    "TOP": 2.428324,
    "AZN": 1.741035,
    "OMR": 0.394396,
    "PGK": 3.611053,
    "KES": 125.174725,
    "SEK": 10.975887,
    "BTN": 83.804012,
    "UAH": 37.663913,
    "GNF": 9014.089103,
    "ERN": 15.364925,
    "MZN": 65.382954,
    "SVC": 8.966978,
    "ARS": 167.148366,
    "QAR": 3.729066,
    "IRR": 43329.088445,
    "MRO": 365.68504,
    "CNY": 7.339618,
    "THB": 37.193045,
    "UZS": 11480.826538,
    "XPF": 118.46356,
    "BDT": 105.586084,
    "LYD": 5.025013,
    "BMD": 1.024328,
    "KWD": 0.315749,
    "PHP": 58.781052,
    "RUB": 62.458422,
    "PYG": 7341.70734,
    "ISK": 147.318586,
    "JMD": 157.723614,
    "COP": 5068.376616,
    "MKD": 61.583637,
    "USD": 1.024328,
    "DZD": 142.727778,
    "PAB": 1.024749,
    "GGP": 0.861569,
    "SGD": 1.415535,
    "ETB": 54.74463,
    "JEP": 0.861569,
    "KGS": 86.466639,
    "SOS": 582.329909,
    "VEF": 1001306.603337,
    "VUV": 121.609966,
    "LAK": 17357.243452,
    "BND": 1.417065,
    "ZMK": 9220.18077,
    "XAF": 656.821584,
    "LRD": 157.746189,
    "XAG": 0.049182,
    "CHF": 0.982449,
    "HRK": 7.54182,
    "ALL": 117.316716,
    "DJF": 182.043289,
    "ZMW": 17.063394,
    "TZS": 2388.733294,
    "VND": 25446.876735,
    "XAU": 0.000589,
    "AUD": 1.551547,
    "ILS": 3.560012,
    "GHS": 15.00624,
    "GYD": 214.402221,
    "KPW": 921.895504,
    "BOB": 7.081421,
    "KHR": 4238.670791,
    "MDL": 19.681892,
    "IDR": 16117.90883,
    "KYD": 0.853941,
    "AMD": 404.794161,
    "BWP": 13.361549,
    "SHP": 1.410908,
    "TRY": 19.072686,
    "LBP": 1577.445022,
    "TJS": 10.238076,
    "JOD": 0.727166,
    "AED": 3.762344,
    "HKD": 7.994627,
    "RWF": 1107.169,
    "EUR": 1,
    "LSL": 17.792439,
    "DKK": 7.437854,
    "CAD": 1.377056,
    "BGN": 1.956762,
    "MMK": 2152.099039,
    "MUR": 44.862701,
    "NOK": 10.514592,
    "SYP": 2573.66656,
    "IMP": 0.861569,
    "ZWL": 329.833307,
    "GIP": 0.861569,
    "RON": 4.93927,
    "LKR": 376.617447,
    "NGN": 453.767588,
    "CRC": 622.339194,
    "CZK": 24.32237,
    "PKR": 230.069644,
    "XCD": 2.768299,
    "ANG": 1.846967,
    "HTG": 140.893211,
    "BHD": 0.386128,
    "KZT": 475.074623,
    "SRD": 31.520119,
    "SZL": 17.834624,
    "LTL": 3.024575,
    "SAR": 3.849876,
    "TTD": 6.955956,
    "YER": 256.363773,
    "MVR": 15.790039,
    "AFN": 89.630462,
    "INR": 83.72819,
    "AWG": 1.846352,
    "KRW": 1393.721838,
    "NPR": 134.0865,
    "JPY": 145.547324,
    "MNT": 3496.894341,
    "AOA": 521.668963,
    "PLN": 4.696597,
    "GBP": 0.866592,
    "SBD": 8.430829,
    "BYN": 2.587757,
    "HUF": 409.389205,
    "BYR": 20076.835424,
    "BIF": 2103.970406,
    "MWK": 1052.612121,
    "MGA": 4430.219787,
    "XDR": 0.780828,
    "BZD": 2.06576,
    "BAM": 1.958446,
    "EGP": 25.126982,
    "MOP": 8.241849,
    "NAD": 17.79227,
    "NIO": 36.887556,
    "PEN": 3.92767,
    "NZD": 1.679294,
    "WST": 2.853272,
    "TMT": 3.595392,
    "CLF": 0.034973,
    "BRL": 5.444919
  },
  "timestamp": 1669060204,
  "base": "EUR"
}